<?xml version="1.0" encoding="UTF-8"?>
<project-private xmlns="http://www.netbeans.org/ns/project-private/1">
    <editor-bookmarks xmlns="http://www.netbeans.org/ns/editor-bookmarks/2" lastBookmarkId="0"/>
    <open-files xmlns="http://www.netbeans.org/ns/projectui-open-files/2">
        <group>
            <file>file:/C:/Users/libreria6/Desktop/Fase14HORAS/AlmacenFase2-Almacenamiento/Downloads/Lector/src/Editar.java</file>
            <file>file:/C:/Users/libreria6/Desktop/Fase14HORAS/AlmacenFase2-Almacenamiento/Downloads/Lector/src/Edicion.java</file>
            <file>file:/C:/Users/libreria6/Desktop/Fase14HORAS/AlmacenFase2-Almacenamiento/Downloads/Lector/src/LetraA.java</file>
            <file>file:/C:/Users/libreria6/Desktop/Fase14HORAS/AlmacenFase2-Almacenamiento/Downloads/Lector/src/Lector.java</file>
            <file>file:/C:/Users/libreria6/Desktop/Fase14HORAS/AlmacenFase2-Almacenamiento/Downloads/Lector/</file>
        </group>
    </open-files>
</project-private>
